shortname	label_after_cov	comment	visualize_viral_region	automatic_label	Sample	size	reference size	viral	no_of_GTA_hits	gta	virus_active	Length	genus	Bases	Coverage	Reads	RPKM	Frags	FPKM	Dataset	Long Name
20110404_Bin_29_1	gta	not active region, 1 region is the GTA cluster		gta	heligoland	0.5-1.5	González, J. M., Kiene, R. P., & Moran, M. A. (2018)	TRUE	17	TRUE	TRUE	4,628,818	g__Sulfitobacter	252,163,885	544,769	1717774	552,938	858887	552,938	Heligoland	20110404_Bin_29_1-contigs.fa.concat.fasta Concatenated 20110404_Bin_29_1-contigs.fa with 1000 Ns inbetween contigs.
20160419_Bin_12_2	ev_producer			ev_producer	heligoland	0.4-1.5		FALSE	0	FALSE	FALSE	3,954,532	g__Balneola	152,198,153	38,487	886257	333,922	443128	333,921	Heligoland	20160419_Bin_12_2-contigs.fa.concat.fasta Concatenated 20160419_Bin_12_2-contigs.fa with 1000 Ns inbetween contigs.
20110523_Bin_120_1	ev_producer	high 16S coverage		ev_producer	heligoland			FALSE	0	FALSE	FALSE	2,022,917	g__MAG-120531	53,953,240	26,671	330502	243,431	165251	243,431	Heligoland	20110523_Bin_120_1-contigs.fa.concat.fasta Concatenated 20110523_Bin_120_1-contigs.fa with 1000 Ns inbetween contigs.
20120412_Bin_67	gta	virus region is GTA cluster		gta	heligoland	0.5-1.5		TRUE	15	TRUE	TRUE	3377690	g__Sulfitobacter	49,121,781	14,543	332479	146,664	166239	146,664	Heligoland	20120412_Bin_67-contigs.fa.concat.fasta Concatenated 20120412_Bin_67-contigs.fa with 1000 Ns inbetween contigs.
20160316_Bin_33_4	ev_producer			ev_producer	heligoland	0.4-0.8	Gertler C, Gerdts G, Timmis KN, Yakimov MM, Golyshin PN. The Family Alcanivoracaceae.	FALSE	1	FALSE	FALSE	3595865	g__Alcanivorax	52217634	145,216	273300	11.3244	136650	11.3244	Heligoland	20160316_Bin_33_4-contigs.fa.concat.fasta Concatenated 20160316_Bin_33_4-contigs.fa with 1000 Ns inbetween contigs.
20160419_Bin_37_1	ev_producer	no increased coverage		viral	heligoland	0.5-1.5		TRUE	4	FALSE	TRUE	3504045	g__Sulfitobacter	36386099	10,384	246991	10.5025	123495	10.5024	Heligoland	20160419_Bin_37_1-contigs.fa.concat.fasta Concatenated 20160419_Bin_37_1-contigs.fa with 1000 Ns inbetween contigs.
20160419_Bin_12_1	ev_producer	no increased coverage		viral	heligoland	0.4-1.5		TRUE	0	FALSE	TRUE	3527269	g__Balneola	29322804	8.3132	173910	7.3463	86955	7.3463	Heligoland	20160419_Bin_12_1-contigs.fa.concat.fasta Concatenated 20160419_Bin_12_1-contigs.fa with 1000 Ns inbetween contigs.
20110523_Bin_85_1	unclear	incomplete GTA cluster		ev_producer	heligoland	0.5-1.5		FALSE	6	TRUE	FALSE	3850895	g__Sulfitobacter	29247339	7.5949	204278	7.9039	102139	7.9039	Heligoland	20110523_Bin_85_1-contigs.fa.concat.fasta Concatenated 20110523_Bin_85_1-contigs.fa with 1000 Ns inbetween contigs.
20160512_Bin_61_3	ev_producer			ev_producer	heligoland	0.3-1.2	Brock	FALSE	0	FALSE	FALSE	2336703	g__Winogradskyella	11117258	4.7577	64549	4.1159	32274	4.1158	Heligoland	20160512_Bin_61_3-contigs.fa.concat.fasta Concatenated 20160512_Bin_61_3-contigs.fa with 1000 Ns inbetween contigs.
20120412_Bin_112	ev_producer	no increased coverage		viral	heligoland	0.5-1.0	Glockner, F. O., Fuchs, B. M., Amann, R., et al. (2000)	TRUE	0	FALSE	TRUE	3693838	g__Polaribacter	16289127	4.4098	95695	3.86	47847	3.86	Heligoland	20120412_Bin_112-contigs.fa.concat.fasta Concatenated 20120412_Bin_112-contigs.fa with 1000 Ns inbetween contigs.
20100413_Bin_59	ev_producer			ev_producer	heligoland	0.5-1.0		FALSE	0	FALSE	FALSE	2963208	g__Polaribacter	12298406	4.1504	74795	3.7609	37397	3.7608	Heligoland	20100413_Bin_59-contigs.fa.concat.fasta Concatenated 20100413_Bin_59-contigs.fa with 1000 Ns inbetween contigs.
20160419_Bin_28_1	viral	has increased coverage, but also increased 16S		viral	heligoland			TRUE	0	FALSE	TRUE	1981290	g__SCGC-AAA160-P02	7858251	3.9662	46598	3.5043	23299	3.5043	Heligoland	20160419_Bin_28_1-contigs.fa.concat.fasta Concatenated 20160419_Bin_28_1-contigs.fa with 1000 Ns inbetween contigs.
20120412_Bin_42_1	gta			gta	heligoland	0.4-0.6	??	FALSE	13	TRUE	FALSE	3196934	g__Roseovarius	11549896	3.6128	82913	3.8643	41456	3.8642	Heligoland	20120412_Bin_42_1-contigs.fa.concat.fasta Concatenated 20120412_Bin_42_1-contigs.fa with 1000 Ns inbetween contigs.
20110516_Bin_58_1	gta			gta				TRUE	16	TRUE	TRUE	3950844	g__Tateyamaria	13640860	3.4526	96430	3.6367	48215	3.6367	Heligoland	20110516_Bin_58_1-contigs.fa.concat.fasta Concatenated 20110516_Bin_58_1-contigs.fa with 1000 Ns inbetween contigs.
20120503_Bin_84_1	ev_producer			ev_producer	heligoland			FALSE	0	FALSE	FALSE	3029998	g__Algibacter_B	9704007	3.2026	55999	2.7537	27999	2.7537	Heligoland	20120503_Bin_84_1-contigs.fa.concat.fasta Concatenated 20120503_Bin_84_1-contigs.fa with 1000 Ns inbetween contigs.
20120412_Bin_12	gta			gta	heligoland	0.5-1.5		FALSE	13	TRUE	FALSE	4442588	g__Sulfitobacter	14173169	3.1903	102532	3.4388	51266	3.4388	Heligoland	20120412_Bin_12-contigs.fa.concat.fasta Concatenated 20120412_Bin_12-contigs.fa with 1000 Ns inbetween contigs.
20160419_Bin_8_3	ev_producer			ev_producer	heligoland	0.5-1.0		FALSE	0	FALSE	FALSE	2654212	g__Polaribacter	8253099	3.1094	48382	2,716	24191	2,716	Heligoland	20160419_Bin_8_3-contigs.fa.concat.fasta Concatenated 20160419_Bin_8_3-contigs.fa with 1000 Ns inbetween contigs.
20100511_Bin_80	ev_producer	no increased coverage		viral	heligoland			TRUE	0	FALSE	TRUE	2614996	g__BACL24	8130579	3.1092	51002	2,906	25501	2,906	Heligoland	20100511_Bin_80-contigs.fa.concat.fasta Concatenated 20100511_Bin_80-contigs.fa with 1000 Ns inbetween contigs.
20110526_Bin_113_1	remove	remove		ev_producer	heligoland			FALSE	0	FALSE	FALSE	1931754	g__UBA3031	5152208	2.6671	30586	2.3591	15293	2.3591	Heligoland	20110526_Bin_113_1-contigs.fa.concat.fasta Concatenated 20110526_Bin_113_1-contigs.fa with 1000 Ns inbetween contigs.
20120412_Bin_49	gta	full gta, but also virus has coverage -> inactive phage		gta	heligoland			TRUE	15	TRUE	TRUE	3066456	g__Flavimaricola	6981749	2.2768	51910	2.5223	25955	2.5223	Heligoland	20120412_Bin_49-contigs.fa.concat.fasta Concatenated 20120412_Bin_49-contigs.fa with 1000 Ns inbetween contigs.
GCA_002703405.1_ASM270340v1	gta			gta	122_DCM	0.5-1.5		TRUE	15	TRUE	TRUE	3142791	Sulfitobacter sp.	3586162	7.7623	40100				Tara Oceans	GCA_002703405.1_ASM270340v1_genomic_concatenated.fna
GCA_002703405.1_ASM270340v1	gta			gta	122_MES	0.5-1.5		TRUE	15	TRUE	TRUE	3142791	Sulfitobacter sp.	9943040	75.2274	105604				Tara Oceans	GCA_002703405.1_ASM270340v1_genomic_concatenated.fna
GCA_002691425.1_ASM269142v1	gta			gta	158_MES	0.5-1.0	Buchan, A., LeCleir, G. R., Gulvik, C. A., & González, J. M. (2014)	TRUE	14	TRUE	TRUE	3587593	Roseobacter sp.	8793107	316.541	90496				Tara Oceans	GCA_002691425.1_ASM269142v1_genomic_concatenated.fna
GCA_002706785.1_ASM270678v1	gta			gta	158_MES	0.5-1.0		TRUE	15	TRUE	TRUE	3666882	Roseobacter sp.	8770061	301.4187	90278				Tara Oceans	GCA_002706785.1_ASM270678v1_genomic_concatenated.fna
GCA_002726465.1_ASM272646v1	gta			gta	158_MES	0.5-1.0		FALSE	15	TRUE	TRUE	3487762	Roseobacter sp.	8308982	300.2197	85478				Tara Oceans	GCA_002726465.1_ASM272646v1_genomic_concatenated.fna
GCA_002716265.1_ASM271626v1	gta			gta	158_MES	0.5-1.0		FALSE	14	TRUE	TRUE	3023545	Roseobacter sp.	7784054	324.2048	80096				Tara Oceans	GCA_002716265.1_ASM271626v1_genomic_concatenated.fna
GCA_002693125.1_ASM269312v1	gta			gta	158_MES	0.5-1.0		FALSE	15	TRUE	TRUE	3106942	Roseobacter sp.	7389115	297.722	76058				Tara Oceans	GCA_002693125.1_ASM269312v1_genomic_concatenated.fna
GCA_002731875.1_ASM273187v1	gta			gta	158_MES	0.5-1.0		TRUE	14	TRUE	TRUE	4169734	Roseobacter sp.	6467656	187.9895	66412				Tara Oceans	GCA_002731875.1_ASM273187v1_genomic_concatenated.fna
GCA_002708965.1_ASM270896v1	gta			gta	158_MES	0.5-1.0		TRUE	12	TRUE	TRUE	3704350	Roseobacter sp.	5808913	188.1465	59644				Tara Oceans	GCA_002708965.1_ASM270896v1_genomic_concatenated.fna
GCA_002684135.1_ASM268413v1	gta			gta	158_MES	0.5-1.0		FALSE	14	TRUE	TRUE	2514760	Roseobacter sp.	5740673	285.9807	59078				Tara Oceans	GCA_002684135.1_ASM268413v1_genomic_concatenated.fna
GCA_002703405.1_ASM270340v1	gta			gta	158_MES	0.5-1.5		TRUE	15	TRUE	TRUE	3142791	Sulfitobacter sp.	4074316	112.3462	41944				Tara Oceans	GCA_002703405.1_ASM270340v1_genomic_concatenated.fna
GCA_002706905.1_ASM270690v1	gta			gta	158_MES	not found		TRUE	14	TRUE	TRUE	4842610	Pseudooceanicola sp.	3945640	63.3259	40644				Tara Oceans	GCA_002706905.1_ASM270690v1_genomic_concatenated.fna
GCA_002685095.1_ASM268509v1	gta			gta	158_MES			TRUE	15	TRUE	TRUE	6660740	Rhodobacteraceae bacterium	3833448	43.7798	39642				Tara Oceans	GCA_002685095.1_ASM268509v1_genomic_concatenated.fna
GCA_002731875.1_ASM273187v1	gta			gta	158_SRF	0.5-1.0		TRUE	14	TRUE	TRUE	4169734	Roseobacter sp.	8728021	51.308	89110				Tara Oceans	GCA_002731875.1_ASM273187v1_genomic_concatenated.fna
GCA_002691425.1_ASM269142v1	gta			gta	158_SRF	0.5-1.0		TRUE	14	TRUE	TRUE	3587593	Roseobacter sp.	8476340	53.3775	86656				Tara Oceans	GCA_002691425.1_ASM269142v1_genomic_concatenated.fna
GCA_002706785.1_ASM270678v1	gta			gta	158_SRF	0.5-1.0		TRUE	15	TRUE	TRUE	3666882	Roseobacter sp.	8447750	51.02	86358				Tara Oceans	GCA_002706785.1_ASM270678v1_genomic_concatenated.fna
GCA_002726465.1_ASM272646v1	gta			gta	158_SRF	0.5-1.0		FALSE	15	TRUE	TRUE	3487762	Roseobacter sp.	7966882	50.6651	81414				Tara Oceans	GCA_002726465.1_ASM272646v1_genomic_concatenated.fna
GCA_002708965.1_ASM270896v1	gta			gta	158_SRF	0.5-1.0		TRUE	12	TRUE	TRUE	3704350	Roseobacter sp.	7945463	52.1533	81122				Tara Oceans	GCA_002708965.1_ASM270896v1_genomic_concatenated.fna
GCA_002716265.1_ASM271626v1	gta			gta	158_SRF	0.5-1.0		FALSE	14	TRUE	TRUE	3023545	Roseobacter sp.	7421936	54.1589	75874				Tara Oceans	GCA_002716265.1_ASM271626v1_genomic_concatenated.fna
GCA_002693125.1_ASM269312v1	gta			gta	158_SRF	0.5-1.0		FALSE	15	TRUE	TRUE	3106942	Roseobacter sp.	7080020	49.8634	72386				Tara Oceans	GCA_002693125.1_ASM269312v1_genomic_concatenated.fna
GCA_002684135.1_ASM268413v1	gta			gta	158_SRF	0.5-1.0		FALSE	14	TRUE	TRUE	2514760	Roseobacter sp.	5569298	48.2923	56902				Tara Oceans	GCA_002684135.1_ASM268413v1_genomic_concatenated.fna
GCA_002703405.1_ASM270340v1	gta			gta	158_SRF	0.5-1.5		TRUE	15	TRUE	TRUE	3142791	Sulfitobacter sp.	5180568	32.6911	53024				Tara Oceans	GCA_002703405.1_ASM270340v1_genomic_concatenated.fna
GCA_002722375.1_ASM272237v1	gta			gta	158_SRF	0.5-1.5		TRUE	16	TRUE	TRUE	3436664	Sulfitobacter sp.	4167337	22.2621	42626				Tara Oceans	GCA_002722375.1_ASM272237v1_genomic_concatenated.fna
GCA_002695005.1_ASM269500v1	gta			gta	64_SRF	0.5-1.2	Kwak MJ, Kim JF.	TRUE	15	TRUE	TRUE	4294341	Maritimibacter sp.	16284457	44.3197	177480				Tara Oceans	GCA_002695005.1_ASM269500v1_genomic_concatenated.fna
GCA_002692855.1_ASM269285v1	unclear	no idea		contradicting	122_DCM	0.5-1.0	Gupta RS, Bhandari V (2011)	TRUE	7	FALSE	TRUE	4244573	Maricaulis sp.	6301803	7.6048	66124				Tara Oceans	GCA_002692855.1_ASM269285v1_genomic_concatenated.fna
GCA_002692855.1_ASM269285v1	unclear	no idea		contradicting	64_DCM	0.5-1.0		TRUE	7	FALSE	TRUE	4244573	Maricaulis sp.	8889915	8.0229	91142				Tara Oceans	GCA_002692855.1_ASM269285v1_genomic_concatenated.fna
GCA_002707095.1_ASM270709v1	ev_producer			ev_producer	122_DCM	0.4-0.5		FALSE	0	FALSE	FALSE	4099214	Haliea sp.	20340491	11.5146	225628				Tara Oceans	GCA_002707095.1_ASM270709v1_genomic_concatenated.fna
GCA_002726835.1_ASM272683v1	ev_producer			ev_producer	122_DCM	0.4-0.5		FALSE	0	FALSE	FALSE	4147862	Haliea sp.	19782451	11.1043	219486				Tara Oceans	GCA_002726835.1_ASM272683v1_genomic_concatenated.fna
GCA_002719515.1_ASM271951v1	ev_producer			ev_producer	122_DCM	0.4-0.5		FALSE	0	FALSE	FALSE	3009494	Haliea sp.	15421536	11.6862	171184				Tara Oceans	GCA_002719515.1_ASM271951v1_genomic_concatenated.fna
GCA_002715105.1_ASM271510v1	ev_producer			ev_producer	122_DCM	0.4-1.5		TRUE	0	FALSE	FALSE	3591368	Balneola sp.	13375301	8.4488	139826				Tara Oceans	GCA_002715105.1_ASM271510v1_genomic_concatenated.fna
GCA_002683475.1_ASM268347v1	ev_producer			ev_producer	122_DCM	0.4-0.5	Spring et al. (2015)	FALSE	0	FALSE	TRUE	2872426	Haliea sp.	12427068	9.7752	138070				Tara Oceans	GCA_002683475.1_ASM268347v1_genomic_concatenated.fna
GCA_002692925.1_ASM269292v1	remove	high peak mag		ev_producer	122_DCM	0.3-.05	Ivanova, E. P., Nicolau, D. V., Wright, J. P., Zhukova, N. V., Christen, R., & Mikhailov, V. V. (2004).	FALSE	1	FALSE	TRUE	6086193	Hyphomonas sp.	10744341	20.2181	114402				Tara Oceans	GCA_002692925.1_ASM269292v1_genomic_concatenated.fna
GCA_002692965.1_ASM269296v1	ev_producer			ev_producer	122_DCM	0.4-0.5		FALSE	0	FALSE	FALSE	3830706	Haliea sp.	5920431	2.4733	65432				Tara Oceans	GCA_002692965.1_ASM269296v1_genomic_concatenated.fna
GCA_002691705.1_ASM269170v1	remove	high peak mag		ev_producer	122_DCM	0.2-0.4		FALSE	0	FALSE	TRUE	1938045	Candidatus Pelagibacter sp.	4736414	20.6005	49458				Tara Oceans	GCA_002691705.1_ASM269170v1_genomic_concatenated.fna
GCA_002683615.1_ASM268361v1	ev_producer			ev_producer	122_DCM	0.3-.05		FALSE	1	FALSE	FALSE	3675011	Hyphomonas sp.	2790794	6.2194	31866				Tara Oceans	GCA_002683615.1_ASM268361v1_genomic_concatenated.fna
GCA_002716025.1_ASM271602v1	ev_producer			ev_producer	122_MES	0.4-0.5	Dong et al. (2017)	FALSE	0	FALSE	FALSE	2758896	Idiomarina sp.	25285981	233.93	260606				Tara Oceans	GCA_002716025.1_ASM271602v1_genomic_concatenated.fna
GCA_002714765.1_ASM271476v1	ev_producer			ev_producer	122_MES	0.4-0.6	Gauthier, M.J., Lafay, B., Christen, R. et al. Marinobacter hydrocarbonoclasticus gen. nov., sp. nov., a new, extremely halotolerant, hydrocarbon-degrading marine bacterium. Int J Syst Bacteriol 42, 568–576 (1992)	FALSE	0	FALSE	FALSE	4643030	Marinobacter sp.	22844750	118.7958	240138				Tara Oceans	GCA_002714765.1_ASM271476v1_genomic_concatenated.fna
GCA_002718115.1_ASM271811v1	ev_producer			ev_producer	122_MES	0.4-0.5		FALSE	0	FALSE	FALSE	2661514	Idiomarina sp.	22160590	209.8885	228508				Tara Oceans	GCA_002718115.1_ASM271811v1_genomic_concatenated.fna
GCA_002714925.1_ASM271492v1	ev_producer			ev_producer	122_MES	0.4-0.5		FALSE	0	FALSE	FALSE	2370866	Idiomarina sp.	19367147	205.1823	199670				Tara Oceans	GCA_002714925.1_ASM271492v1_genomic_concatenated.fna
GCA_002683675.1_ASM268367v1	ev_producer			ev_producer	122_MES	0.5-1.0	Li, Y., Xie, Z., Liu, X., & Zhou, S. (2013).	FALSE	0	FALSE	FALSE	4225935	Rheinheimera sp.	17661793	105.3408	182436				Tara Oceans	GCA_002683675.1_ASM268367v1_genomic_concatenated.fna
GCA_002721435.1_ASM272143v1	ev_producer			ev_producer	122_MES	0.4-0.6		FALSE	0	FALSE	FALSE	3202986	Marinobacter sp.	16613350	125.0769	174788				Tara Oceans	GCA_002721435.1_ASM272143v1_genomic_concatenated.fna
GCA_002684295.1_ASM268429v1	ev_producer			ev_producer	122_MES	0.4-0.5		FALSE	0	FALSE	FALSE	2210035	Idiomarina sp.	16925637	190.0814	174480				Tara Oceans	GCA_002684295.1_ASM268429v1_genomic_concatenated.fna
GCA_002721625.1_ASM272162v1	ev_producer			ev_producer	122_MES	0.5-1.0		FALSE	0	FALSE	FALSE	3198669	Rheinheimera sp.	14182148	111.9521	146500				Tara Oceans	GCA_002721625.1_ASM272162v1_genomic_concatenated.fna
GCA_002683235.1_ASM268323v1	ev_producer			ev_producer	122_MES	0.4-0.5		FALSE	0	FALSE	FALSE	2253521	Idiomarina sp.	11489224	96.9979	118096				Tara Oceans	GCA_002683235.1_ASM268323v1_genomic_concatenated.fna
GCA_002729395.1_ASM272939v1	ev_producer			ev_producer	122_MES	0.4-0.6		FALSE	0	FALSE	FALSE	3017982	Marinobacter sp.	9727122	62.4581	102114				Tara Oceans	GCA_002729395.1_ASM272939v1_genomic_concatenated.fna
GCA_002707095.1_ASM270709v1	ev_producer			ev_producer	122_SRF	0.4-0.5		FALSE	0	FALSE	FALSE	4099214	Haliea sp.	28106858	39.257	311418				Tara Oceans	GCA_002707095.1_ASM270709v1_genomic_concatenated.fna
GCA_002726835.1_ASM272683v1	ev_producer			ev_producer	122_SRF	0.4-0.5		FALSE	0	FALSE	FALSE	4147862	Haliea sp.	27319691	37.7321	302706				Tara Oceans	GCA_002726835.1_ASM272683v1_genomic_concatenated.fna
GCA_002719515.1_ASM271951v1	ev_producer			ev_producer	122_SRF	0.4-0.5		FALSE	0	FALSE	FALSE	3009494	Haliea sp.	20777305	39.4241	230232				Tara Oceans	GCA_002719515.1_ASM271951v1_genomic_concatenated.fna
GCA_002683675.1_ASM268367v1	ev_producer			ev_producer	122_SRF	0.5-1.0		FALSE	0	FALSE	FALSE	4225935	Rheinheimera sp.	19065644	26.5411	206506				Tara Oceans	GCA_002683675.1_ASM268367v1_genomic_concatenated.fna
GCA_002683475.1_ASM268347v1	ev_producer			ev_producer	122_SRF	0.4-0.5		FALSE	0	FALSE	TRUE	2872426	Haliea sp.	16028499	32.1533	177930				Tara Oceans	GCA_002683475.1_ASM268347v1_genomic_concatenated.fna
GCA_002721625.1_ASM272162v1	ev_producer			ev_producer	122_SRF	0.5-1.0		FALSE	0	FALSE	FALSE	3198669	Rheinheimera sp.	15151689	27.8743	164218				Tara Oceans	GCA_002721625.1_ASM272162v1_genomic_concatenated.fna
GCA_002714765.1_ASM271476v1	ev_producer			ev_producer	122_SRF	0.4-0.6		FALSE	0	FALSE	FALSE	4643030	Marinobacter sp.	14729884	19.4126	162984				Tara Oceans	GCA_002714765.1_ASM271476v1_genomic_concatenated.fna
GCA_002692925.1_ASM269292v1	remove	high peak mag		ev_producer	122_SRF	0.3-.05		FALSE	1	FALSE	TRUE	6086193	Hyphomonas sp.	13243915	45.6602	138134				Tara Oceans	GCA_002692925.1_ASM269292v1_genomic_concatenated.fna
GCA_002721435.1_ASM272143v1	ev_producer			ev_producer	122_SRF	0.4-0.6		FALSE	0	FALSE	FALSE	3202986	Marinobacter sp.	11832270	21.468	131064				Tara Oceans	GCA_002721435.1_ASM272143v1_genomic_concatenated.fna
GCA_002685555.1_ASM268555v1	ev_producer			ev_producer	122_SRF	0.4-0.8		FALSE	0	FALSE	FALSE	3721159	Alcanivorax sp.	11519864	24.0679	130080				Tara Oceans	GCA_002685555.1_ASM268555v1_genomic_concatenated.fna
GCA_002715685.1_ASM271568v1	ev_producer			ev_producer	122_SRF	0.4-0.8		FALSE	0	FALSE	FALSE	3609167	Alcanivorax sp.	11393782	24.3561	128584				Tara Oceans	GCA_002715685.1_ASM271568v1_genomic_concatenated.fna
GCA_002703665.1_ASM270366v1	ev_producer			ev_producer	122_SRF	0.4-0.8		FALSE	1	FALSE	FALSE	3528367	Alcanivorax sp.	11335304	25.0058	128054				Tara Oceans	GCA_002703665.1_ASM270366v1_genomic_concatenated.fna
GCA_002693845.1_ASM269384v1	ev_producer			ev_producer	122_SRF	0.4-0.8		FALSE	1	FALSE	FALSE	3189430	Alcanivorax sp.	10194678	24.1513	115106				Tara Oceans	GCA_002693845.1_ASM269384v1_genomic_concatenated.fna
GCA_002692955.1_ASM269295v1	ev_producer			ev_producer	158_DCM	0.5-1.5		FALSE	0	FALSE	FALSE	3372341	Thalassospira sp.	6560012	136.7779	66920				Tara Oceans	GCA_002692955.1_ASM269295v1_genomic_concatenated.fna
GCA_002731595.1_ASM273159v1	ev_producer			ev_producer	158_DCM	0.5-1.5	Mavromatis, K., et al. (2010)	FALSE	0	FALSE	FALSE	2670106	Thalassospira sp.	4792235	153.1601	48884				Tara Oceans	GCA_002731595.1_ASM273159v1_genomic_concatenated.fna
GCA_002684455.1_ASM268445v1	ev_producer			ev_producer	158_DCM	0.2-1.5	Miller, W.G., Parker, C.T., Rubenfield, M., Mendz, G.L., and Wösten, M.M.S.M. (2007).	FALSE	0	FALSE	FALSE	3075968	Arcobacter sp.	4889537	103.1731	48808				Tara Oceans	GCA_002684455.1_ASM268445v1_genomic_concatenated.fna
GCA_002694765.1_ASM269476v1	ev_producer			ev_producer	158_DCM	??		FALSE	0	FALSE	FALSE	3010433	Xanthomarina sp.	4398397	74.1019	44024				Tara Oceans	GCA_002694765.1_ASM269476v1_genomic_concatenated.fna
GCA_002714865.1_ASM271486v1	ev_producer			ev_producer	158_DCM	??		FALSE	0	FALSE	FALSE	2912717	Xanthomarina sp.	4347609	75.0631	43518				Tara Oceans	GCA_002714865.1_ASM271486v1_genomic_concatenated.fna
GCA_002711885.1_ASM271188v1	remove	high peak mag, barrna says: 23S and 16S		ev_producer	158_DCM	0.5-1.5		FALSE	0	FALSE	FALSE	2388162	Thalassospira sp.	4258921	122.5861	43396				Tara Oceans	GCA_002711885.1_ASM271188v1_genomic_concatenated.fna
GCA_002682935.1_ASM268293v1	ev_producer			ev_producer	158_DCM	0.3-0.5	Bauer M, Lombardot T, Teeling H, Ward NL, Amann R, and Glöckner FO. 2004.	FALSE	0	FALSE	FALSE	3568067	Flavobacteriaceae bacterium	3936550	50.0704	39378				Tara Oceans	GCA_002682935.1_ASM268293v1_genomic_concatenated.fna
GCA_002713425.1_ASM271342v1	ev_producer			ev_producer	158_DCM	0.3-0.5		FALSE	0	FALSE	FALSE	2315894	Flavobacteriaceae bacterium	2274474	42.3205	22752				Tara Oceans	GCA_002713425.1_ASM271342v1_genomic_concatenated.fna
GCA_002692925.1_ASM269292v1	remove	high peak mag		ev_producer	158_MES	0.3-.05		FALSE	1	FALSE	TRUE	6086193	Hyphomonas sp.	4615252	97.7043	47892				Tara Oceans	GCA_002692925.1_ASM269292v1_genomic_concatenated.fna
GCA_002683615.1_ASM268361v1	ev_producer			ev_producer	158_MES	0.3-.05		FALSE	1	FALSE	FALSE	3675011	Hyphomonas sp.	4134406	139.5938	42932				Tara Oceans	GCA_002683615.1_ASM268361v1_genomic_concatenated.fna
GCA_002693505.1_ASM269350v1	remove	high peak mag, barrnap says: 5S and 23S		ev_producer	158_MES	see comment above		FALSE	1	FALSE	FALSE	3569926	Hyphomonadaceae bacterium	4091453	141.6307	42448				Tara Oceans	GCA_002693505.1_ASM269350v1_genomic_concatenated.fna
GCA_002710445.1_ASM271044v1	remove	high peak mag, barrnap 16S		ev_producer	158_MES	0.3-.05		FALSE	1	FALSE	FALSE	2980843	Hyphomonas sp.	4035425	168.0794	41844				Tara Oceans	GCA_002710445.1_ASM271044v1_genomic_concatenated.fna
GCA_002707095.1_ASM270709v1	ev_producer			ev_producer	158_SRF	0.4-0.5		FALSE	0	FALSE	FALSE	4099214	Haliea sp.	10388284	85.0236	107134				Tara Oceans	GCA_002707095.1_ASM270709v1_genomic_concatenated.fna
GCA_002726835.1_ASM272683v1	remove	high peak mag, blast says: IS110 family transposase		ev_producer	158_SRF	0.4-0.5		FALSE	0	FALSE	FALSE	4147862	Haliea sp.	10184870	83.0977	105030				Tara Oceans	GCA_002726835.1_ASM272683v1_genomic_concatenated.fna
GCA_002719515.1_ASM271951v1	ev_producer			ev_producer	158_SRF	0.4-0.5		FALSE	0	FALSE	FALSE	3009494	Haliea sp.	7971980	83.6534	82244				Tara Oceans	GCA_002719515.1_ASM271951v1_genomic_concatenated.fna
GCA_002683475.1_ASM268347v1	ev_producer			ev_producer	158_SRF	0.4-0.5		FALSE	0	FALSE	TRUE	2872426	Haliea sp.	7011278	77.1612	72406				Tara Oceans	GCA_002683475.1_ASM268347v1_genomic_concatenated.fna
GCA_002710605.1_ASM271060v1	ev_producer			ev_producer	158_SRF	0.3-0.5		FALSE	0	FALSE	TRUE	2937613	Flavobacteriaceae bacterium	4405709	42.0741	44482				Tara Oceans	GCA_002710605.1_ASM271060v1_genomic_concatenated.fna
GCA_002696125.1_ASM269612v1	ev_producer			ev_producer	64_DCM	0.5-1.5	Oren, A. (2014)	FALSE	0	FALSE	FALSE	2280097	Halomonas sp.	15112403	10.6045	162654				Tara Oceans	GCA_002696125.1_ASM269612v1_genomic_concatenated.fna
GCA_002732055.1_ASM273205v1	ev_producer			ev_producer	64_DCM	0.5-1.5		FALSE	0	FALSE	FALSE	2427037	Halomonas sp.	11472398	7.835	122808				Tara Oceans	GCA_002732055.1_ASM273205v1_genomic_concatenated.fna
GCA_002692925.1_ASM269292v1	remove	high peak mag		ev_producer	64_DCM	0.3-.05		FALSE	1	FALSE	TRUE	6086193	Hyphomonas sp.	10810576	14.6409	110850				Tara Oceans	GCA_002692925.1_ASM269292v1_genomic_concatenated.fna
GCA_002685015.1_ASM268501v1	ev_producer			ev_producer	64_DCM	0.5-1.5		FALSE	0	FALSE	FALSE	1975268	Halomonas sp.	9585134	7.7006	102494				Tara Oceans	GCA_002685015.1_ASM268501v1_genomic_concatenated.fna
GCA_002696385.1_ASM269638v1	ev_producer			ev_producer	64_DCM	0.5-1.5		FALSE	0	FALSE	FALSE	2154320	Halomonas sp.	8496190	6.7079	90792				Tara Oceans	GCA_002696385.1_ASM269638v1_genomic_concatenated.fna
GCA_002693205.1_ASM269320v1	ev_producer			ev_producer	64_DCM	0.5-1.5		FALSE	0	FALSE	FALSE	1533498	Halomonas sp.	8206630	8.7215	87856				Tara Oceans	GCA_002693205.1_ASM269320v1_genomic_concatenated.fna
GCA_002695155.1_ASM269515v1	ev_producer			ev_producer	64_DCM	0.4-0.6		FALSE	0	FALSE	FALSE	3097567	Marinobacter sp.	6849101	5.0245	73486				Tara Oceans	GCA_002695155.1_ASM269515v1_genomic_concatenated.fna
GCA_002729395.1_ASM272939v1	ev_producer			ev_producer	64_DCM	0.4-0.6		FALSE	0	FALSE	FALSE	3017982	Marinobacter sp.	6682163	5.0892	71690				Tara Oceans	GCA_002729395.1_ASM272939v1_genomic_concatenated.fna
GCA_002691705.1_ASM269170v1	remove	high peak mag		ev_producer	64_DCM			FALSE	0	FALSE	TRUE	1938045	Candidatus Pelagibacter sp.	6946362	19.4561	71084				Tara Oceans	GCA_002691705.1_ASM269170v1_genomic_concatenated.fna
GCA_002683915.1_ASM268391v1	ev_producer			ev_producer	64_DCM	0.4-0.6		FALSE	0	FALSE	FALSE	4501600	Marinobacter sp.	4434794	1.9806	47252				Tara Oceans	GCA_002683915.1_ASM268391v1_genomic_concatenated.fna
GCA_002714765.1_ASM271476v1	ev_producer			ev_producer	64_DCM	0.4-0.6		FALSE	0	FALSE	FALSE	4643030	Marinobacter sp.	3410885	1.3483	36298				Tara Oceans	GCA_002714765.1_ASM271476v1_genomic_concatenated.fna
GCA_002695155.1_ASM269515v1	ev_producer			ev_producer	64_MES	0.4-0.6		FALSE	0	FALSE	FALSE	3097567	Marinobacter sp.	13874049	412.2258	139408				Tara Oceans	GCA_002695155.1_ASM269515v1_genomic_concatenated.fna
GCA_002696105.1_ASM269610v1	ev_producer			ev_producer	64_MES	0.3-0.5		FALSE	0	FALSE	FALSE	2694643	Flavobacteriaceae bacterium	13608915	466.2021	135622				Tara Oceans	GCA_002696105.1_ASM269610v1_genomic_concatenated.fna
GCA_002729395.1_ASM272939v1	ev_producer			ev_producer	64_MES	0.4-0.6		FALSE	0	FALSE	FALSE	3017982	Marinobacter sp.	13407496	406.5838	134750				Tara Oceans	GCA_002729395.1_ASM272939v1_genomic_concatenated.fna
GCA_002685555.1_ASM268555v1	ev_producer			ev_producer	64_MES	0.4-0.8		FALSE	0	FALSE	FALSE	3721159	Alcanivorax sp.	13088273	335.942	132178				Tara Oceans	GCA_002685555.1_ASM268555v1_genomic_concatenated.fna
GCA_002714765.1_ASM271476v1	ev_producer			ev_producer	64_MES	0.4-0.6		FALSE	0	FALSE	FALSE	4643030	Marinobacter sp.	12996708	226.3591	130416				Tara Oceans	GCA_002714765.1_ASM271476v1_genomic_concatenated.fna
GCA_002703665.1_ASM270366v1	ev_producer			ev_producer	64_MES	0.4-0.8		FALSE	1	FALSE	FALSE	3528367	Alcanivorax sp.	12832139	349.525	129610				Tara Oceans	GCA_002703665.1_ASM270366v1_genomic_concatenated.fna
GCA_002715685.1_ASM271568v1	ev_producer			ev_producer	64_MES	0.4-0.8		FALSE	0	FALSE	FALSE	3609167	Alcanivorax sp.	12540388	334.5163	126602				Tara Oceans	GCA_002715685.1_ASM271568v1_genomic_concatenated.fna
GCA_002693845.1_ASM269384v1	ev_producer			ev_producer	64_MES	0.4-0.8		FALSE	1	FALSE	FALSE	3189430	Alcanivorax sp.	11611246	345.6535	117260				Tara Oceans	GCA_002693845.1_ASM269384v1_genomic_concatenated.fna
GCA_002696305.1_ASM269630v1	ev_producer			ev_producer	64_MES	0.5-0.7	Kang, I., Oh, H.M., Kang, D., et al. (2017)	FALSE	0	FALSE	FALSE	2412656	Aequorivita sp.	11355493	438.1439	113222				Tara Oceans	GCA_002696305.1_ASM269630v1_genomic_concatenated.fna
GCA_002692925.1_ASM269292v1	remove	high peak mag		ev_producer	64_SRF	0.3-.05		FALSE	1	FALSE	TRUE	6086193	Hyphomonas sp.	32979492	64.0688	352640				Tara Oceans	GCA_002692925.1_ASM269292v1_genomic_concatenated.fna
GCA_002693505.1_ASM269350v1	ev_producer			ev_producer	64_SRF	see comment above		FALSE	1	FALSE	FALSE	3569926	Hyphomonadaceae bacterium	30607158	85.515	328024				Tara Oceans	GCA_002693505.1_ASM269350v1_genomic_concatenated.fna
GCA_002683615.1_ASM268361v1	ev_producer			ev_producer	64_SRF	0.3-.05		FALSE	1	FALSE	FALSE	3675011	Hyphomonas sp.	30444968	82.3688	326320				Tara Oceans	GCA_002683615.1_ASM268361v1_genomic_concatenated.fna
GCA_002710445.1_ASM271044v1	ev_producer			ev_producer	64_SRF	0.3-.05		FALSE	1	FALSE	FALSE	2980843	Hyphomonas sp.	26763364	88.8192	286876				Tara Oceans	GCA_002710445.1_ASM271044v1_genomic_concatenated.fna
GCA_002716205.1_ASM271620v1	ev_producer			ev_producer	64_SRF	0.3-.05		FALSE	1	FALSE	FALSE	2348295	Hyphomonas sp.	21516188	90.9534	230694				Tara Oceans	GCA_002716205.1_ASM271620v1_genomic_concatenated.fna
GCA_002685555.1_ASM268555v1	ev_producer			ev_producer	64_SRF	0.4-0.8		FALSE	0	FALSE	FALSE	3721159	Alcanivorax sp.	19187288	53.0463	208966				Tara Oceans	GCA_002685555.1_ASM268555v1_genomic_concatenated.fna
GCA_002703665.1_ASM270366v1	ev_producer			ev_producer	64_SRF	0.4-0.8		FALSE	1	FALSE	FALSE	3528367	Alcanivorax sp.	18870137	55.3965	205560				Tara Oceans	GCA_002703665.1_ASM270366v1_genomic_concatenated.fna
GCA_002715685.1_ASM271568v1	ev_producer			ev_producer	64_SRF	0.4-0.8		FALSE	0	FALSE	FALSE	3609167	Alcanivorax sp.	18477048	52.9434	201338				Tara Oceans	GCA_002715685.1_ASM271568v1_genomic_concatenated.fna
GCA_002693845.1_ASM269384v1	ev_producer			ev_producer	64_SRF	0.4-0.8		FALSE	1	FALSE	FALSE	3189430	Alcanivorax sp.	17040822	53.8909	185586				Tara Oceans	GCA_002693845.1_ASM269384v1_genomic_concatenated.fna
GCA_002729845.1_ASM272984v1	ev_producer			ev_producer	64_SRF	0.4-0.8		FALSE	1	FALSE	FALSE	2880502	Alcanivorax sp.	15338212	55.0699	167136				Tara Oceans	GCA_002729845.1_ASM272984v1_genomic_concatenated.fna
GCA_002695465.1_ASM269546v1	ev_producer			ev_producer	64_SRF	0.3-.05		FALSE	1	FALSE	FALSE	3214342	Hyphomonas sp.	14837106	33.5036	157984				Tara Oceans	GCA_002695465.1_ASM269546v1_genomic_concatenated.fna
GCA_002689395.1_ASM268939v1	ev_producer			ev_producer	64_SRF	0.3-.05		FALSE	1	FALSE	FALSE	3254579	Hyphomonas sp.	14699306	32.6303	156506				Tara Oceans	GCA_002689395.1_ASM268939v1_genomic_concatenated.fna
GCA_002714095.1_ASM271409v1	ev_producer			ev_producer	64_SRF	0.4-0.8		FALSE	0	FALSE	FALSE	2143045	Alcanivorax sp.	11505549	55.4109	125506				Tara Oceans	GCA_002714095.1_ASM271409v1_genomic_concatenated.fna
GCA_002723335.1_ASM272333v1	viral	medium peak	yes	viral	122_DCM	0.4-0.5		TRUE	1	FALSE	TRUE	3754379	Haliea sp.	20623266	12.869	230488				Tara Oceans	GCA_002723335.1_ASM272333v1_genomic_concatenated.fna
GCA_002723335.1_ASM272333v1	viral	yes, highest peaks of the four	yes	viral	122_MES	0.4-0.5		TRUE	1	FALSE	TRUE	3754379	Haliea sp.	11237941	87.5536	119102				Tara Oceans	GCA_002723335.1_ASM272333v1_genomic_concatenated.fna
GCA_002723335.1_ASM272333v1	ev_producer	completely absent	yes	viral	122_SRF	0.4-0.5		TRUE	1	FALSE	TRUE	3754379	Haliea sp.	14294595	17.7749	156794				Tara Oceans	GCA_002723335.1_ASM272333v1_genomic_concatenated.fna
GCA_002723335.1_ASM272333v1	ev_producer	completely absent	yes	viral	158_SRF	0.4-0.5		TRUE	1	FALSE	TRUE	3754379	Haliea sp.	6062259	40.0236	62304				Tara Oceans	GCA_002723335.1_ASM272333v1_genomic_concatenated.fna
GCA_002685565.1_ASM268556v1	ev_producer	possibly unclear -> checked: absent	yes	viral	122_DCM	0.4-0.5		TRUE	0	FALSE	TRUE	4517979	Haliea sp.	20528998	10.5841	227666				Tara Oceans	GCA_002685565.1_ASM268556v1_genomic_concatenated.fna
GCA_002684005.1_ASM268400v1	ev_producer	completely absent		viral	122_DCM	0.4-1.5		TRUE	0	FALSE	TRUE	3376779	Balneola sp.	13431709	8.9799	140492				Tara Oceans	GCA_002684005.1_ASM268400v1_genomic_concatenated.fna
GCA_002696075.1_ASM269607v1	ev_producer	completely absent		viral	122_DCM	0.4-1.5		TRUE	0	FALSE	TRUE	3275288	Balneola sp.	13300417	9.2017	139008				Tara Oceans	GCA_002696075.1_ASM269607v1_genomic_concatenated.fna
GCA_002684275.1_ASM268427v1	unclear	huge peak, but very fluctuating -> checked: check annotation -> only hypo in region	yes	viral	122_DCM	??		TRUE	0	FALSE	TRUE	3202815	Bacteroidetes bacterium	12866875	9.0929	134364				Tara Oceans	GCA_002684275.1_ASM268427v1_genomic_concatenated.fna
GCA_002696605.1_ASM269660v1	viral	yes	yes	viral	122_DCM	??		TRUE	0	FALSE	TRUE	3248730	Pseudomonadales bacterium	7151078	3.9792	75142				Tara Oceans	GCA_002696605.1_ASM269660v1_genomic_concatenated.fna
GCA_002684095.1_ASM268409v1	unclear	only region 1 is active, check annotation: checked, only hypo and term	yes	viral	122_DCM	0.4-0.5		TRUE	0	FALSE	TRUE	4627664	Haliea sp.	5373479	2.1712	59346				Tara Oceans	GCA_002684095.1_ASM268409v1_genomic_concatenated.fna
GCA_002699145.1_ASM269914v1	unclear	not active / not present		viral	122_DCM	??		TRUE	0	FALSE	TRUE	5261423	Halioglobus sp.	4674604	1.5795	51880				Tara Oceans	GCA_002699145.1_ASM269914v1_genomic_concatenated.fna
GCA_002704665.1_ASM270466v1	viral	yes	yes	viral	122_DCM	??		TRUE	0	FALSE	TRUE	1784933	Proteobacteria bacterium	4333358	4.8171	45010				Tara Oceans	GCA_002704665.1_ASM270466v1_genomic_concatenated.fna
GCA_002696005.1_ASM269600v1	ev_producer	completely absent		viral	122_MES	0.4-0.6		TRUE	0	FALSE	TRUE	2923195	Idiomarina sp.	25801446	225.1086	265966				Tara Oceans	GCA_002696005.1_ASM269600v1_genomic_concatenated.fna
GCA_002683435.1_ASM268343v1	ev_producer	completely absent	yes	viral	122_MES	0.4-0.6		TRUE	0	FALSE	TRUE	4750670	Marinobacter sp.	22518907	113.9505	236878				Tara Oceans	GCA_002683435.1_ASM268343v1_genomic_concatenated.fna
GCA_002726345.1_ASM272634v1	ev_producer	completely absent		viral	122_MES	0.4-0.6		TRUE	0	FALSE	TRUE	2676639	Idiomarina sp.	21816597	208.5298	224916				Tara Oceans	GCA_002726345.1_ASM272634v1_genomic_concatenated.fna
GCA_002726615.1_ASM272661v1	ev_producer	completely absent		viral	122_MES	0.4-0.6		TRUE	0	FALSE	TRUE	3581496	Marinobacter sp.	16781068	111.0482	176530				Tara Oceans	GCA_002726615.1_ASM272661v1_genomic_concatenated.fna
GCA_002694205.1_ASM269420v1	ev_producer	completely absent		viral	122_MES	0.4-0.6		TRUE	0	FALSE	TRUE	2269208	Idiomarina sp.	15040387	163.8289	155046				Tara Oceans	GCA_002694205.1_ASM269420v1_genomic_concatenated.fna
GCA_002693995.1_ASM269399v1	ev_producer	completely absent		viral	122_MES	0.4-0.6		TRUE	1	FALSE	TRUE	5357492	Marinobacter sp.	13247767	49.0889	139036				Tara Oceans	GCA_002693995.1_ASM269399v1_genomic_concatenated.fna
GCA_002685395.1_ASM268539v1	ev_producer	completely absent		viral	122_MES	0.5-1.0		TRUE	0	FALSE	TRUE	5142000	Rheinheimera sp.	12268876	49.7085	126536				Tara Oceans	GCA_002685395.1_ASM268539v1_genomic_concatenated.fna
GCA_002723205.1_ASM272320v1	unclear	either unclear or viral: checked unclear	yes	viral	122_MES	??		TRUE	0	FALSE	TRUE	5730820	Alteromonadaceae bacterium	11727178	53.9464	120150				Tara Oceans	GCA_002723205.1_ASM272320v1_genomic_concatenated.fna
GCA_002685565.1_ASM268556v1	ev_producer	completely absent		viral	122_SRF	0.4-0.5		TRUE	0	FALSE	TRUE	4517979	Haliea sp.	28527489	36.1759	315996				Tara Oceans	GCA_002685565.1_ASM268556v1_genomic_concatenated.fna
GCA_002683435.1_ASM268343v1	viral	checked: check annotatino: checked, viral!	yes	viral	122_SRF	0.4-0.6		TRUE	0	FALSE	TRUE	4750670	Marinobacter sp.	15933440	20.3921	176508				Tara Oceans	GCA_002683435.1_ASM268343v1_genomic_concatenated.fna
GCA_002723235.1_ASM272323v1	viral	hill might be too small: checked, its only double but counts	yes	viral	122_SRF	??		TRUE	2	FALSE	TRUE	4493577	Spongiibacteraceae bacterium	12399910	15.4357	138988				Tara Oceans	GCA_002723235.1_ASM272323v1_genomic_concatenated.fna
GCA_002685395.1_ASM268539v1	ev_producer	completely absent		viral	122_SRF	0.5-1.0		TRUE	0	FALSE	TRUE	5142000	Rheinheimera sp.	12596553	11.9849	135482				Tara Oceans	GCA_002685395.1_ASM268539v1_genomic_concatenated.fna
GCA_002726615.1_ASM272661v1	ev_producer	completely absent		viral	122_SRF	0.4-0.6		TRUE	0	FALSE	TRUE	3581496	Marinobacter sp.	11355491	18.6664	125688				Tara Oceans	GCA_002726615.1_ASM272661v1_genomic_concatenated.fna
GCA_002696165.1_ASM269616v1	remove	too many regions to be a an organism		viral	122_SRF	0.5-1.5		TRUE	0	FALSE	TRUE	7185140	Phycisphaerae bacterium	9640088	11.8453	107456				Tara Oceans	GCA_002696165.1_ASM269616v1_genomic_concatenated.fna
GCA_002684075.1_ASM268407v1	ev_producer	completely absent		viral	158_DCM	0.5-1.5		TRUE	0	FALSE	TRUE	4756359	Thalassospira sp.	8928523	132.7951	91058				Tara Oceans	GCA_002684075.1_ASM268407v1_genomic_concatenated.fna
GCA_002707445.1_ASM270744v1	ev_producer	completely absent		viral	158_DCM	0.5-1.5		TRUE	0	FALSE	TRUE	4697496	Thalassospira sp.	8339605	123.1472	85006				Tara Oceans	GCA_002707445.1_ASM270744v1_genomic_concatenated.fna
GCA_002694405.1_ASM269440v1	ev_producer	completely absent		viral	158_DCM	0.5-1.5		TRUE	0	FALSE	TRUE	4659979	Thalassospira sp.	7936309	116.7512	80972				Tara Oceans	GCA_002694405.1_ASM269440v1_genomic_concatenated.fna
GCA_002714365.1_ASM271436v1	ev_producer	completely absent		viral	158_DCM	0.5-1.5		TRUE	0	FALSE	TRUE	4201089	Thalassospira sp.	7052931	112.5395	71896				Tara Oceans	GCA_002714365.1_ASM271436v1_genomic_concatenated.fna
GCA_002709775.1_ASM270977v1	ev_producer	completely absent		viral	158_DCM	0.5-1.5		TRUE	0	FALSE	TRUE	4304835	Thalassospira sp.	6725282	103.1114	68622				Tara Oceans	GCA_002709775.1_ASM270977v1_genomic_concatenated.fna
GCA_002707405.1_ASM270740v1	unclear	either unclear or ev: checked unclear	yes	viral	158_DCM	0.5-1.5		TRUE	0	FALSE	TRUE	2917325	Thalassospira sp.	5300838	125.3435	54034				Tara Oceans	GCA_002707405.1_ASM270740v1_genomic_concatenated.fna
GCA_002685075.1_ASM268507v1	ev_producer	completely absent		viral	158_DCM	0.2-1.5		TRUE	0	FALSE	TRUE	2839798	Arcobacter sp.	4586269	104.7924	45796				Tara Oceans	GCA_002685075.1_ASM268507v1_genomic_concatenated.fna
GCA_002722255.1_ASM272225v1	ev_producer	completely absent		viral	158_DCM	0.3-1.2		TRUE	0	FALSE	TRUE	3224965	Winogradskyella sp.	3947320	61.1856	39518				Tara Oceans	GCA_002722255.1_ASM272225v1_genomic_concatenated.fna
GCA_002706045.1_ASM270604v1	ev_producer	completely absent		viral	158_DCM	0.3-0.5		TRUE	0	FALSE	TRUE	2936064	Flavobacteriaceae bacterium	3170749	51.9005	31714				Tara Oceans	GCA_002706045.1_ASM270604v1_genomic_concatenated.fna
GCA_002683975.1_ASM268397v1	ev_producer	completely absent		viral	158_DCM	??		TRUE	0	FALSE	TRUE	3749540	Pseudomonadales bacterium	2524243	83.9178	25834				Tara Oceans	GCA_002683975.1_ASM268397v1_genomic_concatenated.fna
GCA_002726785.1_ASM272678v1	unclear	not active		viral	158_DCM	0.3-0.5		TRUE	0	FALSE	TRUE	2003842	Flavobacteriaceae bacterium	2545427	63.0842	25472				Tara Oceans	GCA_002726785.1_ASM272678v1_genomic_concatenated.fna
GCA_002726195.1_ASM272619v1	ev_producer	completely absent		viral	158_DCM	??		TRUE	0	FALSE	TRUE	3156483	Flavobacteriales bacterium	2315996	164.526	23214				Tara Oceans	GCA_002726195.1_ASM272619v1_genomic_concatenated.fna
GCA_002686735.1_ASM268673v1	ev_producer	completely absent		viral	158_MES	0.5-2.0	Bakermans, C., & Nealson, K. H. (2004)	TRUE	0	FALSE	TRUE	2145676	Psychrobacter sp.	7810816	311.1968	78652				Tara Oceans	GCA_002686735.1_ASM268673v1_genomic_concatenated.fna
GCA_002683975.1_ASM268397v1	ev_producer	completely absent		viral	158_MES			TRUE	0	FALSE	TRUE	3749540	Pseudomonadales bacterium	5851730	272.8051	60270				Tara Oceans	GCA_002683975.1_ASM268397v1_genomic_concatenated.fna
GCA_002709125.1_ASM270912v1	unclear	either unclear or viral: checked 1/ is unclear, 2 absent	yes	viral	158_MES			TRUE	0	FALSE	TRUE	3053049	Rickettsiales bacterium	5273294	299.4767	53524				Tara Oceans	GCA_002709125.1_ASM270912v1_genomic_concatenated.fna
GCA_002709595.1_ASM270959v1	unclear	not active		viral	158_MES	0.3-.05		TRUE	1	FALSE	TRUE	3908704	Hyphomonas sp.	4045488	111.1665	42090				Tara Oceans	GCA_002709595.1_ASM270959v1_genomic_concatenated.fna
GCA_002708585.1_ASM270858v1	ev_producer	completely absent		viral	158_MES			TRUE	3	FALSE	TRUE	3375859	Hyphomonadaceae bacterium	3777678	129.4546	39286				Tara Oceans	GCA_002708585.1_ASM270858v1_genomic_concatenated.fna
GCA_002685565.1_ASM268556v1	viral	check annotation, llooks too small: check, I would say yes!	yes	viral	158_SRF	0.4-0.5		TRUE	0	FALSE	TRUE	4517979	Haliea sp.	10674022	79.0136	110016				Tara Oceans	GCA_002685565.1_ASM268556v1_genomic_concatenated.fna
GCA_002693005.1_ASM269300v1	ev_producer	completely absent		viral	158_SRF	0.3-0.5		TRUE	0	FALSE	TRUE	3810386	Flavobacteriaceae bacterium	4992103	36.5708	50408				Tara Oceans	GCA_002693005.1_ASM269300v1_genomic_concatenated.fna
GCA_002684555.1_ASM268455v1	unclear	not active		viral	158_SRF			TRUE	0	FALSE	TRUE	7492206	Gimesia sp.	4303237	17.866	43816				Tara Oceans	GCA_002684555.1_ASM268455v1_genomic_concatenated.fna
GCA_002692745.1_ASM269274v1	unclear	not active		viral	158_SRF	0.3-0.5		TRUE	1	FALSE	TRUE	3951760	Flavobacteriaceae bacterium	4194715	29.0341	42330				Tara Oceans	GCA_002692745.1_ASM269274v1_genomic_concatenated.fna
GCA_002693995.1_ASM269399v1	viral	active	yes	viral	64_DCM	0.4-0.6		TRUE	1	FALSE	TRUE	5357492	Marinobacter sp.	11569087	7.921	122654				Tara Oceans	GCA_002693995.1_ASM269399v1_genomic_concatenated.fna
GCA_002687595.1_ASM268759v1	ev_producer	completely absent		viral	64_DCM	0.5-1.5		TRUE	0	FALSE	TRUE	1771232	Halomonas sp.	8105990	6.9367	86710				Tara Oceans	GCA_002687595.1_ASM268759v1_genomic_concatenated.fna
GCA_002715145.1_ASM271514v1	ev_producer	completely absent		viral	64_DCM	0.5-1.5		TRUE	0	FALSE	TRUE	4794930	Halomonas sp.	7965333	1.9876	84786				Tara Oceans	GCA_002715145.1_ASM271514v1_genomic_concatenated.fna
GCA_002696605.1_ASM269660v1	viral	active	yes	viral	64_DCM			TRUE	0	FALSE	TRUE	3248730	Pseudomonadales bacterium	7218204	3.4689	74422				Tara Oceans	GCA_002696605.1_ASM269660v1_genomic_concatenated.fna
GCA_002718255.1_ASM271825v1	ev_producer	completely absent		viral	64_DCM	0.4-0.6		TRUE	0	FALSE	TRUE	3186133	Marinobacter sp.	5793511	4.2778	62118				Tara Oceans	GCA_002718255.1_ASM271825v1_genomic_concatenated.fna
GCA_002697735.1_ASM269773v1	ev_producer	completely absent		viral	64_DCM	0.5-1.5		TRUE	0	FALSE	TRUE	5033673	Halomonas sp.	4216001	0.8615	44916				Tara Oceans	GCA_002697735.1_ASM269773v1_genomic_concatenated.fna
GCA_002683435.1_ASM268343v1	viral	active, but check annotaion: checked, I think active	yes	viral	64_DCM	0.4-0.6		TRUE	0	FALSE	TRUE	4750670	Marinobacter sp.	3798858	1.5787	40338				Tara Oceans	GCA_002683435.1_ASM268343v1_genomic_concatenated.fna
GCA_002693645.1_ASM269364v1	ev_producer	completely absent		viral	64_DCM	0.4-0.6		TRUE	0	FALSE	TRUE	4095594	Marinobacter sp.	3724636	1.7061	39672				Tara Oceans	GCA_002693645.1_ASM269364v1_genomic_concatenated.fna
GCA_002693995.1_ASM269399v1	ev_producer	completely absent		viral	64_MES	0.4-0.6		TRUE	1	FALSE	TRUE	5357492	Marinobacter sp.	18653864	323.0831	187480				Tara Oceans	GCA_002693995.1_ASM269399v1_genomic_concatenated.fna
GCA_002696735.1_ASM269673v1	ev_producer	most likley absent: checked absent	yes	viral	64_MES	0.6-1.0	Tsubouchi T, Shimane Y, Mori K, Miyazaki M, Hatada Y. (2019)	TRUE	0	FALSE	TRUE	3324714	Methylophaga sp.	17497779	532.2323	174756				Tara Oceans	GCA_002696735.1_ASM269673v1_genomic_concatenated.fna
GCA_002726815.1_ASM272681v1	unclear	not clear if active: slightly present	yes	viral	64_MES	0.6-1.0		TRUE	0	FALSE	TRUE	3134966	Methylophaga sp.	16515130	533.3054	164958				Tara Oceans	GCA_002726815.1_ASM272681v1_genomic_concatenated.fna
GCA_002694545.1_ASM269454v1	ev_producer	completely absent		viral	64_MES	0.6-1.0		TRUE	0	FALSE	TRUE	3172870	Methylophaga sp.	16380284	523.52	163614				Tara Oceans	GCA_002694545.1_ASM269454v1_genomic_concatenated.fna
GCA_002715155.1_ASM271515v1	ev_producer	completely absent		viral	64_MES	0.5-0.7		TRUE	0	FALSE	TRUE	3285734	Aequorivita sp.	15207766	436.8369	151634				Tara Oceans	GCA_002715155.1_ASM271515v1_genomic_concatenated.fna
GCA_002683435.1_ASM268343v1	ev_producer	completely absent		viral	64_MES	0.4-0.6		TRUE	0	FALSE	TRUE	4750670	Marinobacter sp.	14383248	253.6732	144408				Tara Oceans	GCA_002683435.1_ASM268343v1_genomic_concatenated.fna
GCA_002683495.1_ASM268349v1	ev_producer	completely absent		viral	64_MES	0.5-0.7		TRUE	0	FALSE	TRUE	3238790	Aequorivita sp.	14016663	405.9823	139766				Tara Oceans	GCA_002683495.1_ASM268349v1_genomic_concatenated.fna
GCA_002693005.1_ASM269300v1	unclear	not active		viral	64_MES	0.3-0.5		TRUE	0	FALSE	TRUE	3810386	Flavobacteriaceae bacterium	13656499	341.0468	136234				Tara Oceans	GCA_002693005.1_ASM269300v1_genomic_concatenated.fna
GCA_002718255.1_ASM271825v1	unclear	not active		viral	64_MES	0.4-0.6		TRUE	0	FALSE	TRUE	3186133	Marinobacter sp.	12559244	363.694	126212				Tara Oceans	GCA_002718255.1_ASM271825v1_genomic_concatenated.fna
GCA_002693695.1_ASM269369v1	unclear	not active		viral	64_MES	??		TRUE	0	FALSE	TRUE	3771012	Pseudohongiella sp.	11736976	321.384	117912				Tara Oceans	GCA_002693695.1_ASM269369v1_genomic_concatenated.fna
GCA_002683555.1_ASM268355v1	ev_producer	completely absent		viral	64_MES	0.5-0.7		TRUE	0	FALSE	TRUE	3436895	Aequorivita sp.	11500489	247.2382	114506				Tara Oceans	GCA_002683555.1_ASM268355v1_genomic_concatenated.fna
GCA_002708585.1_ASM270858v1	ev_producer	completely absent		viral	64_SRF			TRUE	3	FALSE	TRUE	3375859	Hyphomonadaceae bacterium	18804384	44.9981	200660				Tara Oceans	GCA_002708585.1_ASM270858v1_genomic_concatenated.fna
GCA_002695955.1_ASM269595v1	ev_producer	completely absent		viral	64_SRF			TRUE	3	FALSE	TRUE	3159258	Hyphomonadaceae bacterium	17087492	42.8997	182356				Tara Oceans	GCA_002695955.1_ASM269595v1_genomic_concatenated.fna
GCA_002719735.1_ASM271973v1	ev_producer	completely absent		viral	64_SRF	0.4-0.8		TRUE	0	FALSE	TRUE	4593791	Alcanivorax sp.	13817544	23.9139	149608				Tara Oceans	GCA_002719735.1_ASM271973v1_genomic_concatenated.fna
GCA_002696185.1_ASM269618v1	ev_producer	completely absent		viral	64_SRF	0.4-0.8		TRUE	0	FALSE	TRUE	4147124	Alcanivorax sp.	12366011	23.665	133868				Tara Oceans	GCA_002696185.1_ASM269618v1_genomic_concatenated.fna
GCA_002731335.1_ASM273133v1	ev_producer	completely absent		viral	64_SRF	0.4-0.8		TRUE	0	FALSE	TRUE	4077693	Alcanivorax sp.	12336210	23.6536	133788				Tara Oceans	GCA_002731335.1_ASM273133v1_genomic_concatenated.fna
GCA_002684005.1_ASM268400v1	ev_producer	completely absent		viral	64_SRF	0.4-1.5		TRUE	0	FALSE	TRUE	3376779	Balneola sp.	12086109	53.7234	124106				Tara Oceans	GCA_002684005.1_ASM268400v1_genomic_concatenated.fna